2022-03-10T22:56:57.248171Z,127.0.0.1,node01sgdzn13cv16rqdnl5neopi5e0,curl/7.79.1,4
2022-03-10T22:57:00.377121Z,127.0.0.1,node01sgdzn13cv16rqdnl5neopi5e0,curl/7.79.1,42
2022-03-10T22:58:36.559444Z,127.0.0.1,node01sgdzn13cv16rqdnl5neopi5e0,curl/7.79.1,42
2022-03-10T22:58:37.295667Z,127.0.0.1,node01sgdzn13cv16rqdnl5neopi5e0,curl/7.79.1,42
2022-03-10T22:58:37.566096Z,127.0.0.1,node01sgdzn13cv16rqdnl5neopi5e0,curl/7.79.1,42
2022-03-10T22:58:37.775033Z,127.0.0.1,node01sgdzn13cv16rqdnl5neopi5e0,curl/7.79.1,42
2022-03-10T22:58:37.959356Z,127.0.0.1,node01sgdzn13cv16rqdnl5neopi5e0,curl/7.79.1,42
2022-03-10T22:58:38.134485Z,127.0.0.1,node01sgdzn13cv16rqdnl5neopi5e0,curl/7.79.1,42
2022-03-10T22:58:38.303093Z,127.0.0.1,node01sgdzn13cv16rqdnl5neopi5e0,curl/7.79.1,42
2022-03-10T22:58:38.494285Z,127.0.0.1,node01sgdzn13cv16rqdnl5neopi5e0,curl/7.79.1,42
2022-03-10T22:58:38.662870Z,127.0.0.1,node01sgdzn13cv16rqdnl5neopi5e0,curl/7.79.1,42
2022-03-10T22:58:38.855504Z,127.0.0.1,node01sgdzn13cv16rqdnl5neopi5e0,curl/7.79.1,42
2022-03-10T22:58:39.047068Z,127.0.0.1,node01sgdzn13cv16rqdnl5neopi5e0,curl/7.79.1,42
2022-03-10T23:09:38.656563Z,127.0.0.1,node01sgdzn13cv16rqdnl5neopi5e0,curl/7.79.1,1
2022-03-10T23:09:40.840406Z,127.0.0.1,node01sgdzn13cv16rqdnl5neopi5e0,curl/7.79.1,5
2022-03-10T23:09:43.080454Z,127.0.0.1,node01sgdzn13cv16rqdnl5neopi5e0,curl/7.79.1,15
2022-03-10T23:09:43.480516Z,127.0.0.1,node01sgdzn13cv16rqdnl5neopi5e0,curl/7.79.1,15
2022-03-10T23:09:47.329122Z,127.0.0.1,node01sgdzn13cv16rqdnl5neopi5e0,curl/7.79.1,25
